{"icons":[{"name":"Glass","id":"glass"},{"name":"Music","id":"music"},{"name":"Search","id":"search"},{"name":"Envelope Outlined","id":"envelope-o"},{"name":"Heart","id":"heart"},{"name":"Star","id":"star"},{"name":"Star Outlined","id":"star-o"},{"name":"User","id":"user"},{"name":"Film","id":"film"},{"name":"th-large","id":"th-large"},{"name":"th","id":"th"},{"name":"th-list","id":"th-list"},{"name":"Check","id":"check"},{"name":"Times","id":"times"},{"name":"Search Plus","id":"search-plus"},{"name":"Search Minus","id":"search-minus"},{"name":"Power Off","id":"power-off"},{"name":"signal","id":"signal"},{"name":"cog","id":"cog"},{"name":"Trash Outlined","id":"trash-o"},{"name":"home","id":"home"},{"name":"File Outlined","id":"file-o"},{"name":"Clock Outlined","id":"clock-o"},{"name":"road","id":"road"},{"name":"Download","id":"download"},{"name":"Arrow Circle Outlined Down","id":"arrow-circle-o-down"},{"name":"Arrow Circle Outlined Up","id":"arrow-circle-o-up"},{"name":"inbox","id":"inbox"},{"name":"Play Circle Outlined","id":"play-circle-o"},{"name":"Repeat","id":"repeat"},{"name":"refresh","id":"refresh"},{"name":"list-alt","id":"list-alt"},{"name":"lock","id":"lock"},{"name":"flag","id":"flag"},{"name":"headphones","id":"headphones"},{"name":"volume-off","id":"volume-off"},{"name":"volume-down","id":"volume-down"},{"name":"volume-up","id":"volume-up"},{"name":"qrcode","id":"qrcode"},{"name":"barcode","id":"barcode"},{"name":"tag","id":"tag"},{"name":"tags","id":"tags"},{"name":"book","id":"book"},{"name":"bookmark","id":"bookmark"},{"name":"print","id":"print"},{"name":"camera","id":"camera"},{"name":"font","id":"font"},{"name":"bold","id":"bold"},{"name":"italic","id":"italic"},{"name":"text-height","id":"text-height"},{"name":"text-width","id":"text-width"},{"name":"align-left","id":"align-left"},{"name":"align-center","id":"align-center"},{"name":"align-right","id":"align-right"},{"name":"align-justify","id":"align-justify"},{"name":"list","id":"list"},{"name":"Outdent","id":"outdent"},{"name":"Indent","id":"indent"},{"name":"Video Camera","id":"video-camera"},{"name":"Picture Outlined","id":"picture-o"},{"name":"pencil","id":"pencil"},{"name":"map-marker","id":"map-marker"},{"name":"adjust","id":"adjust"},{"name":"tint","id":"tint"},{"name":"Pencil Square Outlined","id":"pencil-square-o"},{"name":"Share Square Outlined","id":"share-square-o"},{"name":"Check Square Outlined","id":"check-square-o"},{"name":"Arrows","id":"arrows"},{"name":"step-backward","id":"step-backward"},{"name":"fast-backward","id":"fast-backward"},{"name":"backward","id":"backward"},{"name":"play","id":"play"},{"name":"pause","id":"pause"},{"name":"stop","id":"stop"},{"name":"forward","id":"forward"},{"name":"fast-forward","id":"fast-forward"},{"name":"step-forward","id":"step-forward"},{"name":"eject","id":"eject"},{"name":"chevron-left","id":"chevron-left"},{"name":"chevron-right","id":"chevron-right"},{"name":"Plus Circle","id":"plus-circle"},{"name":"Minus Circle","id":"minus-circle"},{"name":"Times Circle","id":"times-circle"},{"name":"Check Circle","id":"check-circle"},{"name":"Question Circle","id":"question-circle"},{"name":"Info Circle","id":"info-circle"},{"name":"Crosshairs","id":"crosshairs"},{"name":"Times Circle Outlined","id":"times-circle-o"},{"name":"Check Circle Outlined","id":"check-circle-o"},{"name":"ban","id":"ban"},{"name":"arrow-left","id":"arrow-left"},{"name":"arrow-right","id":"arrow-right"},{"name":"arrow-up","id":"arrow-up"},{"name":"arrow-down","id":"arrow-down"},{"name":"Share","id":"share"},{"name":"Expand","id":"expand"},{"name":"Compress","id":"compress"},{"name":"plus","id":"plus"},{"name":"minus","id":"minus"},{"name":"asterisk","id":"asterisk"},{"name":"Exclamation Circle","id":"exclamation-circle"},{"name":"gift","id":"gift"},{"name":"leaf","id":"leaf"},{"name":"fire","id":"fire"},{"name":"Eye","id":"eye"},{"name":"Eye Slash","id":"eye-slash"},{"name":"Exclamation Triangle","id":"exclamation-triangle"},{"name":"plane","id":"plane"},{"name":"calendar","id":"calendar"},{"name":"random","id":"random"},{"name":"comment","id":"comment"},{"name":"magnet","id":"magnet"},{"name":"chevron-up","id":"chevron-up"},{"name":"chevron-down","id":"chevron-down"},{"name":"retweet","id":"retweet"},{"name":"shopping-cart","id":"shopping-cart"},{"name":"Folder","id":"folder"},{"name":"Folder Open","id":"folder-open"},{"name":"Arrows Vertical","id":"arrows-v"},{"name":"Arrows Horizontal","id":"arrows-h"},{"name":"Bar Chart","id":"bar-chart"},{"name":"Twitter Square","id":"twitter-square"},{"name":"Facebook Square","id":"facebook-square"},{"name":"camera-retro","id":"camera-retro"},{"name":"key","id":"key"},{"name":"cogs","id":"cogs"},{"name":"comments","id":"comments"},{"name":"Thumbs Up Outlined","id":"thumbs-o-up"},{"name":"Thumbs Down Outlined","id":"thumbs-o-down"},{"name":"star-half","id":"star-half"},{"name":"Heart Outlined","id":"heart-o"},{"name":"Sign Out","id":"sign-out"},{"name":"LinkedIn Square","id":"linkedin-square"},{"name":"Thumb Tack","id":"thumb-tack"},{"name":"External Link","id":"external-link"},{"name":"Sign In","id":"sign-in"},{"name":"trophy","id":"trophy"},{"name":"GitHub Square","id":"github-square"},{"name":"Upload","id":"upload"},{"name":"Lemon Outlined","id":"lemon-o"},{"name":"Phone","id":"phone"},{"name":"Square Outlined","id":"square-o"},{"name":"Bookmark Outlined","id":"bookmark-o"},{"name":"Phone Square","id":"phone-square"},{"name":"Twitter","id":"twitter"},{"name":"Facebook","id":"facebook"},{"name":"GitHub","id":"github"},{"name":"unlock","id":"unlock"},{"name":"credit-card","id":"credit-card"},{"name":"rss","id":"rss"},{"name":"HDD","id":"hdd-o"},{"name":"bullhorn","id":"bullhorn"},{"name":"bell","id":"bell"},{"name":"certificate","id":"certificate"},{"name":"Hand Outlined Right","id":"hand-o-right"},{"name":"Hand Outlined Left","id":"hand-o-left"},{"name":"Hand Outlined Up","id":"hand-o-up"},{"name":"Hand Outlined Down","id":"hand-o-down"},{"name":"Arrow Circle Left","id":"arrow-circle-left"},{"name":"Arrow Circle Right","id":"arrow-circle-right"},{"name":"Arrow Circle Up","id":"arrow-circle-up"},{"name":"Arrow Circle Down","id":"arrow-circle-down"},{"name":"Globe","id":"globe"},{"name":"Wrench","id":"wrench"},{"name":"Tasks","id":"tasks"},{"name":"Filter","id":"filter"},{"name":"Briefcase","id":"briefcase"},{"name":"Arrows Alt","id":"arrows-alt"},{"name":"Users","id":"users"},{"name":"Link","id":"link"},{"name":"Cloud","id":"cloud"},{"name":"Flask","id":"flask"},{"name":"Scissors","id":"scissors"},{"name":"Files Outlined","id":"files-o"},{"name":"Paperclip","id":"paperclip"},{"name":"Floppy Outlined","id":"floppy-o"},{"name":"Square","id":"square"},{"name":"Bars","id":"bars"},{"name":"list-ul","id":"list-ul"},{"name":"list-ol","id":"list-ol"},{"name":"Strikethrough","id":"strikethrough"},{"name":"Underline","id":"underline"},{"name":"table","id":"table"},{"name":"magic","id":"magic"},{"name":"truck","id":"truck"},{"name":"Pinterest","id":"pinterest"},{"name":"Pinterest Square","id":"pinterest-square"},{"name":"Google Plus Square","id":"google-plus-square"},{"name":"Google Plus","id":"google-plus"},{"name":"Money","id":"money"},{"name":"Caret Down","id":"caret-down"},{"name":"Caret Up","id":"caret-up"},{"name":"Caret Left","id":"caret-left"},{"name":"Caret Right","id":"caret-right"},{"name":"Columns","id":"columns"},{"name":"Sort","id":"sort"},{"name":"Sort Descending","id":"sort-desc"},{"name":"Sort Ascending","id":"sort-asc"},{"name":"Envelope","id":"envelope"},{"name":"LinkedIn","id":"linkedin"},{"name":"Undo","id":"undo"},{"name":"Gavel","id":"gavel"},{"name":"Tachometer","id":"tachometer"},{"name":"comment-o","id":"comment-o"},{"name":"comments-o","id":"comments-o"},{"name":"Lightning Bolt","id":"bolt"},{"name":"Sitemap","id":"sitemap"},{"name":"Umbrella","id":"umbrella"},{"name":"Clipboard","id":"clipboard"},{"name":"Lightbulb Outlined","id":"lightbulb-o"},{"name":"Exchange","id":"exchange"},{"name":"Cloud Download","id":"cloud-download"},{"name":"Cloud Upload","id":"cloud-upload"},{"name":"user-md","id":"user-md"},{"name":"Stethoscope","id":"stethoscope"},{"name":"Suitcase","id":"suitcase"},{"name":"Bell Outlined","id":"bell-o"},{"name":"Coffee","id":"coffee"},{"name":"Cutlery","id":"cutlery"},{"name":"File Text Outlined","id":"file-text-o"},{"name":"Building Outlined","id":"building-o"},{"name":"hospital Outlined","id":"hospital-o"},{"name":"ambulance","id":"ambulance"},{"name":"medkit","id":"medkit"},{"name":"fighter-jet","id":"fighter-jet"},{"name":"beer","id":"beer"},{"name":"H Square","id":"h-square"},{"name":"Plus Square","id":"plus-square"},{"name":"Angle Double Left","id":"angle-double-left"},{"name":"Angle Double Right","id":"angle-double-right"},{"name":"Angle Double Up","id":"angle-double-up"},{"name":"Angle Double Down","id":"angle-double-down"},{"name":"angle-left","id":"angle-left"},{"name":"angle-right","id":"angle-right"},{"name":"angle-up","id":"angle-up"},{"name":"angle-down","id":"angle-down"},{"name":"Desktop","id":"desktop"},{"name":"Laptop","id":"laptop"},{"name":"tablet","id":"tablet"},{"name":"Mobile Phone","id":"mobile"},{"name":"Circle Outlined","id":"circle-o"},{"name":"quote-left","id":"quote-left"},{"name":"quote-right","id":"quote-right"},{"name":"Spinner","id":"spinner"},{"name":"Circle","id":"circle"},{"name":"Reply","id":"reply"},{"name":"GitHub Alt","id":"github-alt"},{"name":"Folder Outlined","id":"folder-o"},{"name":"Folder Open Outlined","id":"folder-open-o"},{"name":"Smile Outlined","id":"smile-o"},{"name":"Frown Outlined","id":"frown-o"},{"name":"Meh Outlined","id":"meh-o"},{"name":"Gamepad","id":"gamepad"},{"name":"Keyboard Outlined","id":"keyboard-o"},{"name":"Flag Outlined","id":"flag-o"},{"name":"flag-checkered","id":"flag-checkered"},{"name":"Terminal","id":"terminal"},{"name":"Code","id":"code"},{"name":"reply-all","id":"reply-all"},{"name":"Star Half Outlined","id":"star-half-o"},{"name":"location-arrow","id":"location-arrow"},{"name":"crop","id":"crop"},{"name":"code-fork","id":"code-fork"},{"name":"Chain Broken","id":"chain-broken"},{"name":"Question","id":"question"},{"name":"Info","id":"info"},{"name":"exclamation","id":"exclamation"},{"name":"superscript","id":"superscript"},{"name":"subscript","id":"subscript"},{"name":"eraser","id":"eraser"},{"name":"Puzzle Piece","id":"puzzle-piece"},{"name":"microphone","id":"microphone"},{"name":"Microphone Slash","id":"microphone-slash"},{"name":"shield","id":"shield"},{"name":"calendar-o","id":"calendar-o"},{"name":"fire-extinguisher","id":"fire-extinguisher"},{"name":"rocket","id":"rocket"},{"name":"MaxCDN","id":"maxcdn"},{"name":"Chevron Circle Left","id":"chevron-circle-left"},{"name":"Chevron Circle Right","id":"chevron-circle-right"},{"name":"Chevron Circle Up","id":"chevron-circle-up"},{"name":"Chevron Circle Down","id":"chevron-circle-down"},{"name":"HTML 5 Logo","id":"html5"},{"name":"CSS 3 Logo","id":"css3"},{"name":"Anchor","id":"anchor"},{"name":"Unlock Alt","id":"unlock-alt"},{"name":"Bullseye","id":"bullseye"},{"name":"Ellipsis Horizontal","id":"ellipsis-h"},{"name":"Ellipsis Vertical","id":"ellipsis-v"},{"name":"RSS Square","id":"rss-square"},{"name":"Play Circle","id":"play-circle"},{"name":"Ticket","id":"ticket"},{"name":"Minus Square","id":"minus-square"},{"name":"Minus Square Outlined","id":"minus-square-o"},{"name":"Level Up","id":"level-up"},{"name":"Level Down","id":"level-down"},{"name":"Check Square","id":"check-square"},{"name":"Pencil Square","id":"pencil-square"},{"name":"External Link Square","id":"external-link-square"},{"name":"Share Square","id":"share-square"},{"name":"Compass","id":"compass"},{"name":"Caret Square Outlined Down","id":"caret-square-o-down"},{"name":"Caret Square Outlined Up","id":"caret-square-o-up"},{"name":"Caret Square Outlined Right","id":"caret-square-o-right"},{"name":"Euro (EUR)","id":"eur"},{"name":"GBP","id":"gbp"},{"name":"US Dollar","id":"usd"},{"name":"Indian Rupee (INR)","id":"inr"},{"name":"Japanese Yen (JPY)","id":"jpy"},{"name":"Russian Ruble (RUB)","id":"rub"},{"name":"Korean Won (KRW)","id":"krw"},{"name":"Bitcoin (BTC)","id":"btc"},{"name":"File","id":"file"},{"name":"File Text","id":"file-text"},{"name":"Sort Alpha Ascending","id":"sort-alpha-asc"},{"name":"Sort Alpha Descending","id":"sort-alpha-desc"},{"name":"Sort Amount Ascending","id":"sort-amount-asc"},{"name":"Sort Amount Descending","id":"sort-amount-desc"},{"name":"Sort Numeric Ascending","id":"sort-numeric-asc"},{"name":"Sort Numeric Descending","id":"sort-numeric-desc"},{"name":"thumbs-up","id":"thumbs-up"},{"name":"thumbs-down","id":"thumbs-down"},{"name":"YouTube Square","id":"youtube-square"},{"name":"YouTube","id":"youtube"},{"name":"Xing","id":"xing"},{"name":"Xing Square","id":"xing-square"},{"name":"YouTube Play","id":"youtube-play"},{"name":"Dropbox","id":"dropbox"},{"name":"Stack Overflow","id":"stack-overflow"},{"name":"Instagram","id":"instagram"},{"name":"Flickr","id":"flickr"},{"name":"App.net","id":"adn"},{"name":"Bitbucket","id":"bitbucket"},{"name":"Bitbucket Square","id":"bitbucket-square"},{"name":"Tumblr","id":"tumblr"},{"name":"Tumblr Square","id":"tumblr-square"},{"name":"Long Arrow Down","id":"long-arrow-down"},{"name":"Long Arrow Up","id":"long-arrow-up"},{"name":"Long Arrow Left","id":"long-arrow-left"},{"name":"Long Arrow Right","id":"long-arrow-right"},{"name":"Apple","id":"apple"},{"name":"Windows","id":"windows"},{"name":"Android","id":"android"},{"name":"Linux","id":"linux"},{"name":"Dribbble","id":"dribbble"},{"name":"Skype","id":"skype"},{"name":"Foursquare","id":"foursquare"},{"name":"Trello","id":"trello"},{"name":"Female","id":"female"},{"name":"Male","id":"male"},{"name":"Gratipay (Gittip)","id":"gratipay"},{"name":"Sun Outlined","id":"sun-o"},{"name":"Moon Outlined","id":"moon-o"},{"name":"Archive","id":"archive"},{"name":"Bug","id":"bug"},{"name":"VK","id":"vk"},{"name":"Weibo","id":"weibo"},{"name":"Renren","id":"renren"},{"name":"Pagelines","id":"pagelines"},{"name":"Stack Exchange","id":"stack-exchange"},{"name":"Arrow Circle Outlined Right","id":"arrow-circle-o-right"},{"name":"Arrow Circle Outlined Left","id":"arrow-circle-o-left"},{"name":"Caret Square Outlined Left","id":"caret-square-o-left"},{"name":"Dot Circle Outlined","id":"dot-circle-o"},{"name":"Wheelchair","id":"wheelchair"},{"name":"Vimeo Square","id":"vimeo-square"},{"name":"Turkish Lira (TRY)","id":"try"},{"name":"Plus Square Outlined","id":"plus-square-o"},{"name":"Space Shuttle","id":"space-shuttle"},{"name":"Slack Logo","id":"slack"},{"name":"Envelope Square","id":"envelope-square"},{"name":"WordPress Logo","id":"wordpress"},{"name":"OpenID","id":"openid"},{"name":"University","id":"university"},{"name":"Graduation Cap","id":"graduation-cap"},{"name":"Yahoo Logo","id":"yahoo"},{"name":"Google Logo","id":"google"},{"name":"reddit Logo","id":"reddit"},{"name":"reddit Square","id":"reddit-square"},{"name":"StumbleUpon Circle","id":"stumbleupon-circle"},{"name":"StumbleUpon Logo","id":"stumbleupon"},{"name":"Delicious Logo","id":"delicious"},{"name":"Digg Logo","id":"digg"},{"name":"Pied Piper PP Logo (Old)","id":"pied-piper-pp"},{"name":"Pied Piper Alternate Logo","id":"pied-piper-alt"},{"name":"Drupal Logo","id":"drupal"},{"name":"Joomla Logo","id":"joomla"},{"name":"Language","id":"language"},{"name":"Fax","id":"fax"},{"name":"Building","id":"building"},{"name":"Child","id":"child"},{"name":"Paw","id":"paw"},{"name":"spoon","id":"spoon"},{"name":"Cube","id":"cube"},{"name":"Cubes","id":"cubes"},{"name":"Behance","id":"behance"},{"name":"Behance Square","id":"behance-square"},{"name":"Steam","id":"steam"},{"name":"Steam Square","id":"steam-square"},{"name":"Recycle","id":"recycle"},{"name":"Car","id":"car"},{"name":"Taxi","id":"taxi"},{"name":"Tree","id":"tree"},{"name":"Spotify","id":"spotify"},{"name":"deviantART","id":"deviantart"},{"name":"SoundCloud","id":"soundcloud"},{"name":"Database","id":"database"},{"name":"PDF File Outlined","id":"file-pdf-o"},{"name":"Word File Outlined","id":"file-word-o"},{"name":"Excel File Outlined","id":"file-excel-o"},{"name":"Powerpoint File Outlined","id":"file-powerpoint-o"},{"name":"Image File Outlined","id":"file-image-o"},{"name":"Archive File Outlined","id":"file-archive-o"},{"name":"Audio File Outlined","id":"file-audio-o"},{"name":"Video File Outlined","id":"file-video-o"},{"name":"Code File Outlined","id":"file-code-o"},{"name":"Vine","id":"vine"},{"name":"Codepen","id":"codepen"},{"name":"jsFiddle","id":"jsfiddle"},{"name":"Life Ring","id":"life-ring"},{"name":"Circle Outlined Notched","id":"circle-o-notch"},{"name":"Rebel Alliance","id":"rebel"},{"name":"Galactic Empire","id":"empire"},{"name":"Git Square","id":"git-square"},{"name":"Git","id":"git"},{"name":"Hacker News","id":"hacker-news"},{"name":"Tencent Weibo","id":"tencent-weibo"},{"name":"QQ","id":"qq"},{"name":"Weixin (WeChat)","id":"weixin"},{"name":"Paper Plane","id":"paper-plane"},{"name":"Paper Plane Outlined","id":"paper-plane-o"},{"name":"History","id":"history"},{"name":"Circle Outlined Thin","id":"circle-thin"},{"name":"header","id":"header"},{"name":"paragraph","id":"paragraph"},{"name":"Sliders","id":"sliders"},{"name":"Share Alt","id":"share-alt"},{"name":"Share Alt Square","id":"share-alt-square"},{"name":"Bomb","id":"bomb"},{"name":"Futbol Outlined","id":"futbol-o"},{"name":"TTY","id":"tty"},{"name":"Binoculars","id":"binoculars"},{"name":"Plug","id":"plug"},{"name":"Slideshare","id":"slideshare"},{"name":"Twitch","id":"twitch"},{"name":"Yelp","id":"yelp"},{"name":"Newspaper Outlined","id":"newspaper-o"},{"name":"WiFi","id":"wifi"},{"name":"Calculator","id":"calculator"},{"name":"Paypal","id":"paypal"},{"name":"Google Wallet","id":"google-wallet"},{"name":"Visa Credit Card","id":"cc-visa"},{"name":"MasterCard Credit Card","id":"cc-mastercard"},{"name":"Discover Credit Card","id":"cc-discover"},{"name":"American Express Credit Card","id":"cc-amex"},{"name":"Paypal Credit Card","id":"cc-paypal"},{"name":"Stripe Credit Card","id":"cc-stripe"},{"name":"Bell Slash","id":"bell-slash"},{"name":"Bell Slash Outlined","id":"bell-slash-o"},{"name":"Trash","id":"trash"},{"name":"Copyright","id":"copyright"},{"name":"At","id":"at"},{"name":"Eyedropper","id":"eyedropper"},{"name":"Paint Brush","id":"paint-brush"},{"name":"Birthday Cake","id":"birthday-cake"},{"name":"Area Chart","id":"area-chart"},{"name":"Pie Chart","id":"pie-chart"},{"name":"Line Chart","id":"line-chart"},{"name":"last.fm","id":"lastfm"},{"name":"last.fm Square","id":"lastfm-square"},{"name":"Toggle Off","id":"toggle-off"},{"name":"Toggle On","id":"toggle-on"},{"name":"Bicycle","id":"bicycle"},{"name":"Bus","id":"bus"},{"name":"ioxhost","id":"ioxhost"},{"name":"AngelList","id":"angellist"},{"name":"Closed Captions","id":"cc"},{"name":"Shekel (ILS)","id":"ils"},{"name":"meanpath","id":"meanpath"},{"name":"BuySellAds","id":"buysellads"},{"name":"Connect Develop","id":"connectdevelop"},{"name":"DashCube","id":"dashcube"},{"name":"Forumbee","id":"forumbee"},{"name":"Leanpub","id":"leanpub"},{"name":"Sellsy","id":"sellsy"},{"name":"Shirts in Bulk","id":"shirtsinbulk"},{"name":"SimplyBuilt","id":"simplybuilt"},{"name":"skyatlas","id":"skyatlas"},{"name":"Add to Shopping Cart","id":"cart-plus"},{"name":"Shopping Cart Arrow Down","id":"cart-arrow-down"},{"name":"Diamond","id":"diamond"},{"name":"Ship","id":"ship"},{"name":"User Secret","id":"user-secret"},{"name":"Motorcycle","id":"motorcycle"},{"name":"Street View","id":"street-view"},{"name":"Heartbeat","id":"heartbeat"},{"name":"Venus","id":"venus"},{"name":"Mars","id":"mars"},{"name":"Mercury","id":"mercury"},{"name":"Transgender","id":"transgender"},{"name":"Transgender Alt","id":"transgender-alt"},{"name":"Venus Double","id":"venus-double"},{"name":"Mars Double","id":"mars-double"},{"name":"Venus Mars","id":"venus-mars"},{"name":"Mars Stroke","id":"mars-stroke"},{"name":"Mars Stroke Vertical","id":"mars-stroke-v"},{"name":"Mars Stroke Horizontal","id":"mars-stroke-h"},{"name":"Neuter","id":"neuter"},{"name":"Genderless","id":"genderless"},{"name":"Facebook Official","id":"facebook-official"},{"name":"Pinterest P","id":"pinterest-p"},{"name":"What's App","id":"whatsapp"},{"name":"Server","id":"server"},{"name":"Add User","id":"user-plus"},{"name":"Remove User","id":"user-times"},{"name":"Bed","id":"bed"},{"name":"Viacoin (VIA)","id":"viacoin"},{"name":"Train","id":"train"},{"name":"Subway","id":"subway"},{"name":"Medium","id":"medium"},{"name":"Y Combinator","id":"y-combinator"},{"name":"Optin Monster","id":"optin-monster"},{"name":"OpenCart","id":"opencart"},{"name":"ExpeditedSSL","id":"expeditedssl"},{"name":"Battery Full","id":"battery-full"},{"name":"Battery 3/4 Full","id":"battery-three-quarters"},{"name":"Battery 1/2 Full","id":"battery-half"},{"name":"Battery 1/4 Full","id":"battery-quarter"},{"name":"Battery Empty","id":"battery-empty"},{"name":"Mouse Pointer","id":"mouse-pointer"},{"name":"I Beam Cursor","id":"i-cursor"},{"name":"Object Group","id":"object-group"},{"name":"Object Ungroup","id":"object-ungroup"},{"name":"Sticky Note","id":"sticky-note"},{"name":"Sticky Note Outlined","id":"sticky-note-o"},{"name":"JCB Credit Card","id":"cc-jcb"},{"name":"Diner's Club Credit Card","id":"cc-diners-club"},{"name":"Clone","id":"clone"},{"name":"Balance Scale","id":"balance-scale"},{"name":"Hourglass Outlined","id":"hourglass-o"},{"name":"Hourglass Start","id":"hourglass-start"},{"name":"Hourglass Half","id":"hourglass-half"},{"name":"Hourglass End","id":"hourglass-end"},{"name":"Hourglass","id":"hourglass"},{"name":"Rock (Hand)","id":"hand-rock-o"},{"name":"Paper (Hand)","id":"hand-paper-o"},{"name":"Scissors (Hand)","id":"hand-scissors-o"},{"name":"Lizard (Hand)","id":"hand-lizard-o"},{"name":"Spock (Hand)","id":"hand-spock-o"},{"name":"Hand Pointer","id":"hand-pointer-o"},{"name":"Hand Peace","id":"hand-peace-o"},{"name":"Trademark","id":"trademark"},{"name":"Registered Trademark","id":"registered"},{"name":"Creative Commons","id":"creative-commons"},{"name":"GG Currency","id":"gg"},{"name":"GG Currency Circle","id":"gg-circle"},{"name":"TripAdvisor","id":"tripadvisor"},{"name":"Odnoklassniki","id":"odnoklassniki"},{"name":"Odnoklassniki Square","id":"odnoklassniki-square"},{"name":"Get Pocket","id":"get-pocket"},{"name":"Wikipedia W","id":"wikipedia-w"},{"name":"Safari","id":"safari"},{"name":"Chrome","id":"chrome"},{"name":"Firefox","id":"firefox"},{"name":"Opera","id":"opera"},{"name":"Internet-explorer","id":"internet-explorer"},{"name":"Television","id":"television"},{"name":"Contao","id":"contao"},{"name":"500px","id":"500px"},{"name":"Amazon","id":"amazon"},{"name":"Calendar Plus Outlined","id":"calendar-plus-o"},{"name":"Calendar Minus Outlined","id":"calendar-minus-o"},{"name":"Calendar Times Outlined","id":"calendar-times-o"},{"name":"Calendar Check Outlined","id":"calendar-check-o"},{"name":"Industry","id":"industry"},{"name":"Map Pin","id":"map-pin"},{"name":"Map Signs","id":"map-signs"},{"name":"Map Outlined","id":"map-o"},{"name":"Map","id":"map"},{"name":"Commenting","id":"commenting"},{"name":"Commenting Outlined","id":"commenting-o"},{"name":"Houzz","id":"houzz"},{"name":"Vimeo","id":"vimeo"},{"name":"Font Awesome Black Tie","id":"black-tie"},{"name":"Fonticons","id":"fonticons"},{"name":"reddit Alien","id":"reddit-alien"},{"name":"Edge Browser","id":"edge"},{"name":"Credit Card","id":"credit-card-alt"},{"name":"Codie Pie","id":"codiepie"},{"name":"MODX","id":"modx"},{"name":"Fort Awesome","id":"fort-awesome"},{"name":"USB","id":"usb"},{"name":"Product Hunt","id":"product-hunt"},{"name":"Mixcloud","id":"mixcloud"},{"name":"Scribd","id":"scribd"},{"name":"Pause Circle","id":"pause-circle"},{"name":"Pause Circle Outlined","id":"pause-circle-o"},{"name":"Stop Circle","id":"stop-circle"},{"name":"Stop Circle Outlined","id":"stop-circle-o"},{"name":"Shopping Bag","id":"shopping-bag"},{"name":"Shopping Basket","id":"shopping-basket"},{"name":"Hashtag","id":"hashtag"},{"name":"Bluetooth","id":"bluetooth"},{"name":"Bluetooth","id":"bluetooth-b"},{"name":"Percent","id":"percent"},{"name":"GitLab","id":"gitlab"},{"name":"WPBeginner","id":"wpbeginner"},{"name":"WPForms","id":"wpforms"},{"name":"Envira Gallery","id":"envira"},{"name":"Universal Access","id":"universal-access"},{"name":"Wheelchair Alt","id":"wheelchair-alt"},{"name":"Question Circle Outlined","id":"question-circle-o"},{"name":"Blind","id":"blind"},{"name":"Audio Description","id":"audio-description"},{"name":"Volume Control Phone","id":"volume-control-phone"},{"name":"Braille","id":"braille"},{"name":"Assistive Listening Systems","id":"assistive-listening-systems"},{"name":"American Sign Language Interpreting","id":"american-sign-language-interpreting"},{"name":"Deaf","id":"deaf"},{"name":"Glide","id":"glide"},{"name":"Glide G","id":"glide-g"},{"name":"Sign Language","id":"sign-language"},{"name":"Low Vision","id":"low-vision"},{"name":"Viadeo","id":"viadeo"},{"name":"Viadeo Square","id":"viadeo-square"},{"name":"Snapchat","id":"snapchat"},{"name":"Snapchat Ghost","id":"snapchat-ghost"},{"name":"Snapchat Square","id":"snapchat-square"},{"name":"Pied Piper Logo","id":"pied-piper"},{"name":"First Order","id":"first-order"},{"name":"Yoast","id":"yoast"},{"name":"ThemeIsle","id":"themeisle"},{"name":"Google Plus Official","id":"google-plus-official"},{"name":"Font Awesome","id":"font-awesome"},{"name":"Handshake Outlined","id":"handshake-o"},{"name":"Envelope Open","id":"envelope-open"},{"name":"Envelope Open Outlined","id":"envelope-open-o"},{"name":"Linode","id":"linode"},{"name":"Address Book","id":"address-book"},{"name":"Address Book Outlined","id":"address-book-o"},{"name":"Address Card","id":"address-card"},{"name":"Address Card Outlined","id":"address-card-o"},{"name":"User Circle","id":"user-circle"},{"name":"User Circle Outlined","id":"user-circle-o"},{"name":"User Outlined","id":"user-o"},{"name":"Identification Badge","id":"id-badge"},{"name":"Identification Card","id":"id-card"},{"name":"Identification Card Outlined","id":"id-card-o"},{"name":"Quora","id":"quora"},{"name":"Free Code Camp","id":"free-code-camp"},{"name":"Telegram","id":"telegram"},{"name":"Thermometer Full","id":"thermometer-full"},{"name":"Thermometer 3/4 Full","id":"thermometer-three-quarters"},{"name":"Thermometer 1/2 Full","id":"thermometer-half"},{"name":"Thermometer 1/4 Full","id":"thermometer-quarter"},{"name":"Thermometer Empty","id":"thermometer-empty"},{"name":"Shower","id":"shower"},{"name":"Bath","id":"bath"},{"name":"Podcast","id":"podcast"},{"name":"Window Maximize","id":"window-maximize"},{"name":"Window Minimize","id":"window-minimize"},{"name":"Window Restore","id":"window-restore"},{"name":"Window Close","id":"window-close"},{"name":"Window Close Outline","id":"window-close-o"},{"name":"Bandcamp","id":"bandcamp"},{"name":"Grav","id":"grav"},{"name":"Etsy","id":"etsy"},{"name":"IMDB","id":"imdb"},{"name":"Ravelry","id":"ravelry"},{"name":"Eercast","id":"eercast"},{"name":"Microchip","id":"microchip"},{"name":"Snowflake Outlined","id":"snowflake-o"},{"name":"Superpowers","id":"superpowers"},{"name":"WPExplorer","id":"wpexplorer"},{"name":"Meetup","id":"meetup"}]}